{
  "model_version": 1,
  "format": "png",
  "features": [
    "has_alpha",
    "log10_unique_colors",
    "mean_sobel",
    "edge_density",
    "quality",
    "log10_orig_pixels"
  ],
  "supported_modes": [
    "RGB",
    "RGBA",
    "L",
    "LA",
    "P"
  ],
  "scaler": {
    "mean": [
      0.15789473684210525,
      3.0943764640477283,
      77.73411630329333,
      0.5611379523026315,
      65.0,
      5.844269847604669
    ],
    "scale": [
      0.36464227527765836,
      0.5243659522773966,
      62.62983508944798,
      0.3065062416427051,
      16.95582495781317,
      1.3289032448310836
    ]
  },
  "coefficients": {
    "intercept": 1.7833820277181693,
    "betas": [
      -0.07714850155281573,
      1.347666141170455,
      1.2554277748087879,
      -3.1034927067311613,
      0.3933660154641545,
      -0.48661259048344296
    ],
    "knot_beta": 10.992486772623591
  },
  "knot_log10_unique_colors": 3.3,
  "training_envelope": {
    "has_alpha": [
      0.0,
      1.0
    ],
    "log10_unique_colors": [
      1.6020599913279623,
      3.6121478383264867
    ],
    "mean_sobel": [
      4.875,
      220.9202880859375
    ],
    "edge_density": [
      0.0,
      0.9130859375
    ],
    "quality": [
      40.0,
      85.0
    ],
    "log10_orig_pixels": [
      3.216165902285993,
      7.8750612633917
    ]
  },
  "training_corpus_sha256": "977af221546a07030099f714207f1a64e91394ba30bfc9b887c3a4d846f18aa6",
  "git_sha": "ece38b9",
  "fit_environment": {
    "numpy_version": "2.4.4",
    "scipy_version": "1.17.1"
  },
  "created_at": "2026-05-07T09:31:31.124545+00:00"
}